combo,k,dates,picks,edge,win,p
in_fvg + mom_top30 + calm_vix,3,42,12.904761904761905,1.7927452715390608,61.904761904761905,0.009
at_support + mom_top30 + scared_vix,3,48,15.791666666666666,1.3312508267428518,56.25,0.034
in_fvg + q_uptrend + mom_top30,3,84,15.119047619047619,1.3062479985809596,61.904761904761905,0.003
in_fvg + mom_top30,2,84,15.261904761904763,1.188890164691509,60.71428571428571,0.006
in_fvg + mom_top30 + market_up,3,78,14.91025641025641,1.1515456108467297,61.53846153846154,0.015
at_support + mom_top30 + market_up,3,79,12.050632911392405,1.023607406954907,51.89873417721519,0.064
at_support + mom_top30 + far_fomc,3,80,13.8625,0.9118923393357719,51.24999999999999,0.1
at_support + mom_top30,2,91,14.032967032967033,0.9095406133265131,53.84615384615385,0.053
at_support + q_uptrend + mom_top30,3,90,13.033333333333333,0.8593550087203558,52.22222222222223,0.085
in_fvg + mom_top30 + far_fomc,3,74,15.337837837837839,0.8042512546731849,59.45945945945946,0.078
in_fvg + q_uptrend + scared_vix,3,47,35.255319148936174,0.7453200549705268,53.191489361702125,0.112
in_fvg + q_stable + mom_top30,3,71,12.028169014084508,0.7360222620710869,56.33802816901409,0.113
in_fvg + q_uptrend,2,98,31.357142857142858,0.7178019959183115,56.12244897959183,0.017
in_fvg + q_uptrend + market_up,3,91,32.010989010989015,0.6972345445150532,53.84615384615385,0.02
in_fvg + q_uptrend + calm_vix,3,51,27.764705882352942,0.6952052542728165,56.86274509803921,0.11
in_fvg + calm_vix + far_fomc,3,46,34.71739130434783,0.5724069810269277,52.17391304347826,0.183
in_fvg,1,101,42.198019801980195,0.5405792468707968,53.46534653465347,0.097
in_fvg + scared_vix,2,50,50.16,0.5325618987797105,54.0,0.293
at_support + in_fvg + scared_vix,3,43,16.697674418604652,0.5243966563832427,53.48837209302325,0.37
in_fvg + q_stable + scared_vix,3,47,24.95744680851064,0.5241697485107093,51.06382978723404,0.405
at_support + q_lowvol + mom_top30,3,30,9.5,0.5179038321560256,56.666666666666664,0.485
in_fvg + mom_top30 + scared_vix,3,42,17.61904761904762,0.5177772713179822,57.14285714285714,0.372
in_fvg + calm_vix,2,51,34.3921568627451,0.49509451247657577,56.86274509803921,0.208
in_fvg + calm_vix + market_up,3,51,34.3921568627451,0.4830658574148064,54.90196078431373,0.26
at_support + q_stable + mom_top30,3,68,12.441176470588236,0.4802540908772336,51.470588235294116,0.372
in_fvg + market_up,2,92,41.34782608695652,0.46984194016440456,52.17391304347826,0.117
at_support + mom_top30 + calm_vix,3,43,12.069767441860465,0.45455341448641073,48.837209302325576,0.502
in_fvg + q_uptrend + far_fomc,3,86,31.697674418604652,0.44407446935208117,53.48837209302325,0.143
mom_top30 + calm_vix + far_fomc,3,46,106.0,0.44220264675172993,58.69565217391305,0.107
at_support + in_fvg + q_stable,3,28,9.5,0.4371342845774193,46.42857142857143,0.53
in_fvg + scared_vix + market_up,3,41,50.0,0.38134182158062674,51.21951219512195,0.377
mom_top30 + calm_vix,2,51,106.0,0.3661651929474149,60.78431372549019,0.193
mom_top30 + calm_vix + market_up,3,51,106.0,0.3579301908597796,62.745098039215684,0.203
in_fvg + market_up + far_fomc,3,82,41.18292682926829,0.3564509069951953,52.4390243902439,0.254
q_uptrend + mom_top30 + calm_vix,3,51,105.90196078431373,0.345010478946385,62.745098039215684,0.198
mom_top30 + market_up + far_fomc,3,83,106.0,0.3176016904987534,61.44578313253012,0.217
mom_top30 + market_up,2,93,106.0,0.27407335514290854,61.29032258064516,0.29
in_fvg + far_fomc,2,87,42.42528735632184,0.2728239183447157,52.87356321839081,0.393
q_uptrend + mom_top30 + market_up,3,93,105.66666666666667,0.2659004386291775,60.215053763440864,0.296
in_fvg + mom_bot30 + scared_vix,3,41,16.73170731707317,0.2381197635113471,48.78048780487805,0.779
mom_top30 + far_fomc,2,91,106.0,0.23605477305850275,60.43956043956044,0.332
q_uptrend + mom_top30,2,105,103.76190476190476,0.22786532194212558,60.952380952380956,0.373
mom_top30,1,105,106.0,0.227352630879316,60.0,0.36
in_fvg + q_uptrend + q_stable,3,90,19.877777777777776,0.21778318569499858,58.88888888888889,0.584
in_fvg + q_stable,2,91,20.53846153846154,0.20689450783976704,53.84615384615385,0.604
mom_top30 + scared_vix + market_up,3,42,106.0,0.18768695950654504,61.904761904761905,0.671
at_support + in_fvg + q_uptrend,3,57,9.894736842105264,0.17095501291933823,59.64912280701754,0.775
q_uptrend + mom_top30 + far_fomc,3,91,104.67032967032966,0.16230883483594388,59.34065934065934,0.518
mom_bot30 + scared_vix + far_fomc,3,45,105.0,0.15024212782867732,48.888888888888886,0.67
mom_top30 + scared_vix,2,54,106.0,0.14523508032375668,59.25925925925925,0.699
mom_bot30 + scared_vix,2,54,105.0,0.11029932017954591,46.2962962962963,0.832
q_uptrend + mom_top30 + scared_vix,3,54,101.74074074074075,0.09701654127193537,57.407407407407405,0.827
at_support + q_uptrend + calm_vix,3,51,62.96078431372549,0.08335097112816407,45.09803921568628,0.738
q_uptrend + calm_vix + far_fomc,3,46,281.6521739130435,0.06985658428400632,52.17391304347826,0.549
at_support + in_fvg,2,87,13.701149425287356,0.06571856258296323,47.12643678160919,0.897
at_support + q_uptrend + market_up,3,93,60.215053763440864,0.04914489831785201,46.236559139784944,0.841
q_uptrend + calm_vix + market_up,3,51,281.7647058823529,0.047111186214077325,52.94117647058824,0.651
q_uptrend + calm_vix,2,51,281.7647058823529,0.04392009764196542,54.90196078431373,0.664
scared_vix,1,54,350.0,0.020138930411653308,61.111111111111114,0.244
at_support + calm_vix + market_up,3,51,99.58823529411765,0.015486488823185427,45.09803921568628,0.95
at_support + calm_vix,2,51,99.58823529411765,0.015196764685306036,47.05882352941176,0.957
calm_vix + market_up,2,51,350.0,0.011007419553148792,60.78431372549019,0.431
calm_vix + far_fomc,2,46,350.0,0.01098686131298372,54.347826086956516,0.463
market_up,1,93,350.0,0.007613278937336514,55.91397849462365,0.499
scared_vix + market_up,2,42,350.0,0.0062597115783113695,54.761904761904766,0.686
scared_vix + market_up + far_fomc,3,37,350.0,0.005170457395913193,43.24324324324324,0.786
market_up + far_fomc,2,83,350.0,0.0023185035835579723,51.80722891566265,0.817
calm_vix + market_up + far_fomc,3,46,350.0,0.0004356311702229392,50.0,1.0
in_fvg + q_stable + far_fomc,3,79,21.11392405063291,-0.0041567797171803405,54.43037974683544,0.994
at_support + calm_vix + far_fomc,3,46,101.04347826086956,-0.00852019993817605,41.30434782608695,0.94
calm_vix,1,51,350.0,-0.008668678096513175,45.09803921568628,0.508
scared_vix + far_fomc,2,45,350.0,-0.011263649647801086,46.666666666666664,0.426
far_fomc,1,91,350.0,-0.011789331361891885,46.15384615384615,0.271
mom_top30 + scared_vix + far_fomc,3,45,106.0,-0.012437318351758153,60.0,1.0
q_stable + mom_bot30 + calm_vix,3,36,14.5,-0.01464574881442752,55.55555555555556,1.0
at_support + q_stable + scared_vix,3,54,43.98148148148148,-0.016817938603684333,50.0,0.969
in_fvg + q_stable + market_up,3,83,20.06024096385542,-0.026672924627190488,57.831325301204814,0.943
q_uptrend + market_up,2,93,264.0967741935484,-0.02686175360444255,53.76344086021505,0.855
at_support + far_fomc,2,91,108.07692307692308,-0.029229816915704115,43.956043956043956,0.867
mom_bot30 + scared_vix + market_up,3,42,105.0,-0.030276098655763067,42.857142857142854,0.931
at_support + mom_bot30 + scared_vix,3,54,45.407407407407405,-0.03417324999458671,42.592592592592595,0.91
q_uptrend + market_up + far_fomc,3,83,263.71084337349396,-0.035338774426954454,49.39759036144578,0.813
mom_bot30,1,105,105.0,-0.037954105615272446,46.666666666666664,0.859
at_support + in_fvg + market_up,3,81,12.851851851851851,-0.03806762268200297,45.67901234567901,0.914
in_fvg + scared_vix + far_fomc,3,41,51.073170731707314,-0.044777718680894606,51.21951219512195,0.929
at_support + market_up + far_fomc,3,83,105.21686746987952,-0.04489124497870257,45.78313253012048,0.77
at_support + market_up,2,93,103.74193548387096,-0.047317466707159014,45.16129032258064,0.736
at_support + q_uptrend,2,104,57.90384615384615,-0.05140283135291306,46.15384615384615,0.787
q_uptrend,1,105,248.03809523809525,-0.054669284913304306,49.523809523809526,0.709
q_uptrend + mom_bot30 + calm_vix,3,51,43.254901960784316,-0.056129533660744274,41.17647058823529,0.866
at_support,1,105,106.53333333333333,-0.060311901042704015,47.61904761904761,0.74
mom_bot30 + far_fomc,2,91,105.0,-0.06828485059610462,43.956043956043956,0.75
at_support + scared_vix + far_fomc,3,45,115.26666666666667,-0.07764227255158528,48.888888888888886,0.691
in_fvg + mom_bot30,2,85,13.694117647058823,-0.08096702072528207,50.588235294117645,0.85
q_uptrend + scared_vix + market_up,3,42,242.64285714285714,-0.08924342922693686,52.38095238095239,0.754
at_support + q_uptrend + far_fomc,3,91,59.043956043956044,-0.09677374769033711,46.15384615384615,0.65
in_fvg + mom_bot30 + far_fomc,3,73,13.32876712328767,-0.10226450010294985,52.054794520547944,0.82
q_stable + mom_top30 + scared_vix,3,54,88.27777777777777,-0.10717451950860521,59.25925925925925,0.836
mom_bot30 + market_up + far_fomc,3,83,105.0,-0.12018576897189227,43.373493975903614,0.616
mom_bot30 + market_up,2,93,105.0,-0.1262272465172335,40.86021505376344,0.629
q_uptrend + far_fomc,2,91,252.2087912087912,-0.13007670126860388,52.74725274725275,0.385
at_support + mom_bot30,2,105,48.923809523809524,-0.13887283396259015,44.761904761904766,0.615
q_uptrend + scared_vix,2,54,216.1851851851852,-0.1400148108091313,51.85185185185185,0.614
q_stable + mom_top30 + market_up,3,93,83.56989247311827,-0.14190044113253197,54.83870967741935,0.596
in_fvg + mom_bot30 + market_up,3,79,12.91139240506329,-0.14260294593038814,49.36708860759494,0.782
at_support + in_fvg + far_fomc,3,76,13.881578947368421,-0.1473473353299523,46.05263157894737,0.782
q_stable + mom_top30,2,105,84.91428571428571,-0.1493622385658182,53.333333333333336,0.547
at_support + scared_vix + market_up,3,42,108.78571428571429,-0.15181844489259066,45.23809523809524,0.535
q_uptrend + q_stable + mom_top30,3,105,83.55238095238096,-0.15599390472708524,51.42857142857142,0.549
in_fvg + q_stable + calm_vix,3,44,15.818181818181818,-0.1574425742631202,56.81818181818182,0.727
q_stable + mom_top30 + far_fomc,3,91,84.7032967032967,-0.16051346108377856,56.043956043956044,0.554
at_support + q_uptrend + scared_vix,3,53,53.0377358490566,-0.17582121234877063,47.16981132075472,0.622
at_support + scared_vix,2,54,113.0925925925926,-0.1812377876579129,50.0,0.412
q_stable + mom_top30 + calm_vix,3,51,81.3529411764706,-0.18364537819510385,47.05882352941176,0.495
mom_bot30 + calm_vix + market_up,3,51,105.0,-0.20333831688479972,45.09803921568628,0.424
mom_bot30 + calm_vix,2,51,105.0,-0.20870580034631617,47.05882352941176,0.424
in_fvg + q_uptrend + mom_bot30,3,30,8.566666666666666,-0.22130848694964736,36.666666666666664,0.786
at_support + mom_bot30 + calm_vix,3,51,52.64705882352941,-0.25672159610631407,43.13725490196079,0.438
mom_bot30 + calm_vix + far_fomc,3,46,105.0,-0.2634909518090745,43.47826086956522,0.29
q_uptrend + mom_bot30 + market_up,3,82,37.573170731707314,-0.26763920520626067,43.90243902439025,0.518
in_fvg + q_lowvol + q_uptrend,3,65,11.538461538461538,-0.2812132347490572,43.07692307692308,0.626
q_uptrend + mom_bot30,2,82,37.573170731707314,-0.28269213069694893,45.1219512195122,0.507
at_support + q_uptrend + q_stable,3,102,29.470588235294116,-0.2930293129363565,47.05882352941176,0.3
at_support + in_fvg + calm_vix,3,44,10.772727272727273,-0.29814520466379657,43.18181818181818,0.686
at_support + mom_bot30 + far_fomc,3,91,50.604395604395606,-0.2989097511951659,41.75824175824176,0.322
at_support + q_stable,2,103,35.12621359223301,-0.316749672978903,50.48543689320388,0.274
q_stable + calm_vix + far_fomc,3,46,176.0,-0.3225094904794795,45.65217391304348,0.155
q_uptrend + q_stable + calm_vix,3,51,175.8235294117647,-0.334088801366889,45.09803921568628,0.137
at_support + q_stable + far_fomc,3,89,34.86516853932584,-0.3350791126925879,50.56179775280899,0.294
q_stable + calm_vix + market_up,3,51,176.0,-0.33687778474373864,45.09803921568628,0.127
q_uptrend + scared_vix + far_fomc,3,45,222.11111111111111,-0.35000584121484224,46.666666666666664,0.16
at_support + q_stable + market_up,3,91,30.692307692307693,-0.350480596737751,45.05494505494506,0.236
q_stable + calm_vix,2,51,176.0,-0.3569038036568077,45.09803921568628,0.1
q_stable + scared_vix,2,54,176.0,-0.38528544636646783,50.0,0.278
q_uptrend + q_stable,2,105,166.55238095238096,-0.38999262793111267,45.714285714285715,0.084
q_stable + far_fomc,2,91,176.0,-0.3919414063324537,46.15384615384615,0.048
q_stable,1,105,176.0,-0.3940710794829992,46.666666666666664,0.049
in_fvg + mom_bot30 + calm_vix,3,44,10.863636363636363,-0.3971073926126396,54.54545454545454,0.602
q_stable + market_up + far_fomc,3,83,176.0,-0.3978409432031023,46.98795180722892,0.077
q_uptrend + q_stable + market_up,3,93,173.4516129032258,-0.40003305481748896,46.236559139784944,0.064
q_uptrend + mom_bot30 + far_fomc,3,73,37.47945205479452,-0.40579751852401386,42.465753424657535,0.37
q_stable + market_up,2,93,176.0,-0.4069972708366727,48.38709677419355,0.056
in_fvg + q_lowvol + q_stable,3,61,10.032786885245901,-0.40996248355780457,47.540983606557376,0.381
q_uptrend + q_stable + scared_vix,3,54,157.7962962962963,-0.41085422036804387,51.85185185185185,0.29
at_support + mom_bot30 + market_up,3,93,51.494623655913976,-0.4145345590692881,40.86021505376344,0.171
q_uptrend + q_stable + far_fomc,3,91,168.78021978021977,-0.4405509746614934,47.25274725274725,0.042
q_stable + mom_bot30,2,66,14.015151515151516,-0.4434230734740798,48.484848484848484,0.381
q_stable + scared_vix + far_fomc,3,45,176.0,-0.4552489347581713,48.888888888888886,0.187
q_stable + scared_vix + market_up,3,42,176.0,-0.4722347435091414,50.0,0.222
q_stable + mom_bot30 + market_up,3,64,13.96875,-0.5137163596945277,48.4375,0.301
at_support + q_lowvol + q_uptrend,3,104,24.576923076923077,-0.5520523506098397,39.42307692307692,0.171
in_fvg + q_lowvol + far_fomc,3,64,13.734375,-0.5635485278788112,37.5,0.21
q_uptrend + mom_bot30 + scared_vix,3,31,28.225806451612904,-0.5915195976340003,48.38709677419355,0.488
at_support + q_lowvol + far_fomc,3,91,38.67032967032967,-0.6055220691658347,42.857142857142854,0.116
at_support + q_uptrend + mom_bot30,3,76,18.43421052631579,-0.6202378524685532,40.78947368421053,0.171
at_support + q_stable + calm_vix,3,49,25.367346938775512,-0.6288064681203904,44.89795918367347,0.079
at_support + q_lowvol + q_stable,3,99,20.77777777777778,-0.6291082882000758,45.45454545454545,0.122
at_support + q_lowvol + calm_vix,3,51,33.96078431372549,-0.6368303968840882,37.254901960784316,0.183
q_uptrend + q_stable + mom_bot30,3,59,13.830508474576272,-0.6422238225330896,47.45762711864407,0.241
q_stable + mom_bot30 + far_fomc,3,57,13.473684210526315,-0.6481819668926828,49.122807017543856,0.222
in_fvg + q_lowvol + scared_vix,3,38,15.947368421052632,-0.655498463602639,36.84210526315789,0.247
at_support + q_lowvol + market_up,3,93,37.0,-0.7063638228555569,44.086021505376344,0.071
at_support + q_lowvol,2,105,38.285714285714285,-0.7082374057694683,45.714285714285715,0.053
in_fvg + q_lowvol + market_up,3,68,12.867647058823529,-0.7392198028016128,36.76470588235294,0.1
q_lowvol + q_stable + calm_vix,3,51,79.07843137254902,-0.7498601014247585,45.09803921568628,0.077
in_fvg + q_lowvol,2,74,13.31081081081081,-0.7635537508168977,36.486486486486484,0.077
at_support + q_lowvol + scared_vix,3,54,42.370370370370374,-0.771275268469902,48.148148148148145,0.163
q_lowvol + q_uptrend + calm_vix,3,51,102.37254901960785,-0.7740222762901787,43.13725490196079,0.064
q_lowvol + scared_vix + far_fomc,3,45,115.0,-0.7934262115677975,48.888888888888886,0.155
q_lowvol + calm_vix,2,51,115.0,-0.8146007257434869,41.17647058823529,0.033
q_lowvol + calm_vix + market_up,3,51,115.0,-0.8187783106782716,41.17647058823529,0.041
at_support + in_fvg + mom_bot30,3,50,8.46,-0.8356367892126672,44.0,0.385
q_lowvol + far_fomc,2,91,115.0,-0.8448700593077322,42.857142857142854,0.012
q_lowvol + q_stable + far_fomc,3,91,79.64835164835165,-0.8478666791829707,48.35164835164835,0.02
q_stable + mom_bot30 + scared_vix,3,30,13.433333333333334,-0.8624671800919266,40.0,0.356
q_lowvol + q_stable,2,105,80.23809523809524,-0.8873830801075754,46.666666666666664,0.007
q_lowvol + q_uptrend + far_fomc,3,91,93.38461538461539,-0.8942027881244992,45.05494505494506,0.016
q_lowvol + market_up + far_fomc,3,83,115.0,-0.9002432372368171,40.963855421686745,0.016
q_lowvol + q_uptrend + q_stable,3,105,74.8952380952381,-0.9078889614748907,47.61904761904761,0.011
at_support + in_fvg + q_lowvol,3,28,8.107142857142858,-0.9091572690771306,50.0,0.251
q_lowvol,1,105,115.0,-0.9158876272211087,43.80952380952381,0.004
q_lowvol + calm_vix + far_fomc,3,46,115.0,-0.9276952880651997,39.130434782608695,0.03
q_lowvol + q_uptrend,2,105,92.11428571428571,-0.9337497572641638,45.714285714285715,0.007
in_fvg + q_lowvol + calm_vix,3,36,10.527777777777779,-0.9355150537097743,38.88888888888889,0.129
q_lowvol + market_up,2,93,115.0,-0.9381759506380918,41.935483870967744,0.007
q_lowvol + q_stable + market_up,3,93,78.81720430107526,-0.9541971816913679,47.31182795698925,0.008
q_lowvol + q_uptrend + market_up,3,93,96.24731182795699,-0.9697657292005267,45.16129032258064,0.012
at_support + q_lowvol + mom_bot30,3,91,16.307692307692307,-0.9788921662242437,36.26373626373626,0.027
at_support + q_stable + mom_bot30,3,34,8.117647058823529,-0.9790993064599703,50.0,0.27
q_lowvol + scared_vix,2,54,115.0,-0.9932726453896324,46.2962962962963,0.044
q_lowvol + mom_top30 + far_fomc,3,89,31.235955056179776,-1.018039663653323,48.31460674157304,0.011
q_lowvol + q_stable + scared_vix,3,54,81.33333333333333,-1.0269169992642289,51.85185185185185,0.062
q_lowvol + mom_top30 + scared_vix,3,53,35.9811320754717,-1.045963353986215,49.056603773584904,0.088
q_lowvol + q_stable + mom_top30,3,102,30.901960784313726,-1.0659600758216157,47.05882352941176,0.009
q_lowvol + mom_top30,2,102,32.26470588235294,-1.076809930620907,46.07843137254902,0.006
q_lowvol + q_uptrend + scared_vix,3,54,82.42592592592592,-1.083926440783203,48.148148148148145,0.046
q_lowvol + q_uptrend + mom_top30,3,102,31.558823529411764,-1.1110206459277863,44.11764705882353,0.0
q_lowvol + scared_vix + market_up,3,42,115.0,-1.117446083813365,45.23809523809524,0.068
q_lowvol + mom_bot30 + calm_vix,3,50,28.42,-1.1362239516023849,30.0,0.022
q_lowvol + mom_top30 + calm_vix,3,49,28.244897959183675,-1.148414033114206,40.816326530612244,0.016
q_lowvol + mom_top30 + market_up,3,90,29.92222222222222,-1.1710765616337449,43.333333333333336,0.002
q_lowvol + mom_bot30 + far_fomc,3,87,26.770114942528735,-1.1757810974876994,34.48275862068966,0.004
q_lowvol + mom_bot30,2,100,26.56,-1.209652423856997,34.0,0.0
q_lowvol + mom_bot30 + scared_vix,3,50,24.7,-1.2491318116028785,40.0,0.035
q_lowvol + mom_bot30 + market_up,3,90,27.988888888888887,-1.265178195461664,33.33333333333333,0.003
q_lowvol + q_uptrend + mom_bot30,3,59,19.440677966101696,-1.6149019256816617,25.423728813559322,0.024
q_lowvol + q_stable + mom_bot30,3,49,10.63265306122449,-1.6208775124136745,38.775510204081634,0.028
